question,reference_answer,student_answer,grade
What are the main advantages of object-oriented programming?,"Abstraction, modularity, and reusability of code.","abstraction , modularity , test ideas for",1.5450493815175217
What is the role of a prototype program in problem solving?,To simulate the behavior of portions of the desired software product.,to simulate the behavior of portions simulate the behaviour,1.8640630970642427
What is the purpose of a data structure in programming?,To organize and store data efficiently for access and modification.,to organize and store data provide organized containers,1.8347515034283859
What are the main advantages of object-oriented programming?,"Abstraction, modularity, and reusability of code.","Abstraction, modularity, and reusability of code.",5.0
What are the main advantages of object-oriented programming?,"Abstraction, modularity, and reusability of code.","Abstraction, modularity, and reusability of code.",5.0
What is the role of a prototype program in problem solving?,To simulate the behavior of portions of the desired software product.,To simulate the behavior of portions of the desired software product.,5.0
What are the main advantages of object-oriented programming?,"Abstraction, modularity, and reusability of code.",This answer talks about something unrelated like cooking or sports.,0.23915174309909337
What is the purpose of a data structure in programming?,To organize and store data efficiently for access and modification.,This answer talks about something unrelated like cooking or sports.,0.7728571017129713
What are the main advantages of object-oriented programming?,"Abstraction, modularity, and reusability of code.","abstraction , modularity , test ideas for",1.0638463292109728
What are the main advantages of object-oriented programming?,"Abstraction, modularity, and reusability of code.","Abstraction, modularity, and reusability of code.",5.0
What is the purpose of a data structure in programming?,To organize and store data efficiently for access and modification.,To organize and store data efficiently for access and modification.,4.232491513880383
What is the role of a prototype program in problem solving?,To simulate the behavior of portions of the desired software product.,to simulate the behavior of portions of,2.26345157529308
What is the role of a prototype program in problem solving?,To simulate the behavior of portions of the desired software product.,to simulate the behavior of portions of,2.250212104668569
What is the role of a prototype program in problem solving?,To simulate the behavior of portions of the desired software product.,To simulate the behavior of portions of the desired software product.,5.0
What is the role of a prototype program in problem solving?,To simulate the behavior of portions of the desired software product.,to simulate the behavior of portions of,1.6017451861325498
What are the main advantages of object-oriented programming?,"Abstraction, modularity, and reusability of code.","abstraction , modularity , and",1.2754241018220558
What is the purpose of a data structure in programming?,To organize and store data efficiently for access and modification.,To organize and store data efficiently for access and modification.,4.935485715333597
What are the main advantages of object-oriented programming?,"Abstraction, modularity, and reusability of code.","abstraction , modularity , and",1.3530632092690613
What are the main advantages of object-oriented programming?,"Abstraction, modularity, and reusability of code.","abstraction , modularity , arrange information so",1.2917039668383985
What is the purpose of a data structure in programming?,To organize and store data efficiently for access and modification.,To organize and store data efficiently for access and modification.,4.575078514509558
What is the role of a prototype program in problem solving?,To simulate the behavior of portions of the desired software product.,to simulate the behavior of portions simulate the behaviour,2.1105952273554163
What is the purpose of a data structure in programming?,To organize and store data efficiently for access and modification.,to organize and store data efficiently,1.864389999067982
What is the role of a prototype program in problem solving?,To simulate the behavior of portions of the desired software product.,This answer talks about something unrelated like cooking or sports.,0.0
What is the purpose of a data structure in programming?,To organize and store data efficiently for access and modification.,To organize and store data efficiently for access and modification.,5.0
What is the purpose of a data structure in programming?,To organize and store data efficiently for access and modification.,to organize and store data efficiently,2.1183342808315015
What is the purpose of a data structure in programming?,To organize and store data efficiently for access and modification.,to organize and store data efficiently,2.403638239620015
What is the purpose of a data structure in programming?,To organize and store data efficiently for access and modification.,To organize and store data efficiently for access and modification.,5.0
What is the purpose of a data structure in programming?,To organize and store data efficiently for access and modification.,to organize and store data efficiently,2.1647626343220123
What is the role of a prototype program in problem solving?,To simulate the behavior of portions of the desired software product.,to simulate the behavior of portions test ideas for,1.5197546243344244
What is the role of a prototype program in problem solving?,To simulate the behavior of portions of the desired software product.,This answer talks about something unrelated like cooking or sports.,0.0
What is the role of a prototype program in problem solving?,To simulate the behavior of portions of the desired software product.,to simulate the behavior of portions of,2.193677948541836
What is the role of a prototype program in problem solving?,To simulate the behavior of portions of the desired software product.,This answer talks about something unrelated like cooking or sports.,0.0
What are the main advantages of object-oriented programming?,"Abstraction, modularity, and reusability of code.",This answer talks about something unrelated like cooking or sports.,0.4566374255697433
What is the role of a prototype program in problem solving?,To simulate the behavior of portions of the desired software product.,to simulate the behavior of portions of,1.9803747652385637
What is the role of a prototype program in problem solving?,To simulate the behavior of portions of the desired software product.,To simulate the behavior of portions of the desired software product.,4.953740687044704
What is the purpose of a data structure in programming?,To organize and store data efficiently for access and modification.,This answer talks about something unrelated like cooking or sports.,0.0
What are the main advantages of object-oriented programming?,"Abstraction, modularity, and reusability of code.","abstraction , modularity , and",1.4570781989445845
What is the role of a prototype program in problem solving?,To simulate the behavior of portions of the desired software product.,To simulate the behavior of portions of the desired software product.,5.0
What is the role of a prototype program in problem solving?,To simulate the behavior of portions of the desired software product.,to simulate the behavior of portions of,2.073005316777332
What is the role of a prototype program in problem solving?,To simulate the behavior of portions of the desired software product.,This answer talks about something unrelated like cooking or sports.,0.07793444343815978
What is the purpose of a data structure in programming?,To organize and store data efficiently for access and modification.,to organize and store data efficiently,1.4479157970845997
What are the main advantages of object-oriented programming?,"Abstraction, modularity, and reusability of code.",This answer talks about something unrelated like cooking or sports.,0.0
What are the main advantages of object-oriented programming?,"Abstraction, modularity, and reusability of code.","abstraction , modularity , provide organized containers",1.2853527662727489
What is the role of a prototype program in problem solving?,To simulate the behavior of portions of the desired software product.,to simulate the behavior of portions of,1.761534218532897
What is the role of a prototype program in problem solving?,To simulate the behavior of portions of the desired software product.,To simulate the behavior of portions of the desired software product.,4.814632922875015
What are the main advantages of object-oriented programming?,"Abstraction, modularity, and reusability of code.",This answer talks about something unrelated like cooking or sports.,0.056986442746112725
What is the purpose of a data structure in programming?,To organize and store data efficiently for access and modification.,To organize and store data efficiently for access and modification.,5.0
What is the purpose of a data structure in programming?,To organize and store data efficiently for access and modification.,To organize and store data efficiently for access and modification.,4.8711753935177295
What are the main advantages of object-oriented programming?,"Abstraction, modularity, and reusability of code.",This answer talks about something unrelated like cooking or sports.,0.2429024158915037
What is the purpose of a data structure in programming?,To organize and store data efficiently for access and modification.,to organize and store data efficiently,2.061130724602624
What are the main advantages of object-oriented programming?,"Abstraction, modularity, and reusability of code.","abstraction , modularity , and",1.7295592219369416
What is the purpose of a data structure in programming?,To organize and store data efficiently for access and modification.,To organize and store data efficiently for access and modification.,5.0
What are the main advantages of object-oriented programming?,"Abstraction, modularity, and reusability of code.",This answer talks about something unrelated like cooking or sports.,0.0
What is the role of a prototype program in problem solving?,To simulate the behavior of portions of the desired software product.,To simulate the behavior of portions of the desired software product.,5.0
What is the purpose of a data structure in programming?,To organize and store data efficiently for access and modification.,to organize and store data split complex programs,1.9387401019968173
What are the main advantages of object-oriented programming?,"Abstraction, modularity, and reusability of code.","abstraction , modularity , and",2.012524270267921
What is the role of a prototype program in problem solving?,To simulate the behavior of portions of the desired software product.,to simulate the behavior of portions reuse and extend,1.567436831724786
What is the role of a prototype program in problem solving?,To simulate the behavior of portions of the desired software product.,to simulate the behavior of portions simulate the behaviour,2.5226593592708912
What is the role of a prototype program in problem solving?,To simulate the behavior of portions of the desired software product.,to simulate the behavior of portions split complex programs,1.216283511545337
What are the main advantages of object-oriented programming?,"Abstraction, modularity, and reusability of code.","abstraction , modularity , split complex programs",0.7275222240538031
What is the purpose of a data structure in programming?,To organize and store data efficiently for access and modification.,to organize and store data split complex programs,0.8168819525054654
What is the role of a prototype program in problem solving?,To simulate the behavior of portions of the desired software product.,to simulate the behavior of portions simulate the behaviour,2.009519637462654
What is the role of a prototype program in problem solving?,To simulate the behavior of portions of the desired software product.,To simulate the behavior of portions of the desired software product.,5.0
What is the role of a prototype program in problem solving?,To simulate the behavior of portions of the desired software product.,to simulate the behavior of portions of,1.5967673921812837
What are the main advantages of object-oriented programming?,"Abstraction, modularity, and reusability of code.","Abstraction, modularity, and reusability of code.",4.843156738747137
What is the role of a prototype program in problem solving?,To simulate the behavior of portions of the desired software product.,to simulate the behavior of portions of,2.245411161014316
What are the main advantages of object-oriented programming?,"Abstraction, modularity, and reusability of code.","abstraction , modularity , provide organized containers",0.3337859399390717
What is the purpose of a data structure in programming?,To organize and store data efficiently for access and modification.,to organize and store data efficiently,1.623437875861278
What is the role of a prototype program in problem solving?,To simulate the behavior of portions of the desired software product.,to simulate the behavior of portions of,2.589515557154233
What are the main advantages of object-oriented programming?,"Abstraction, modularity, and reusability of code.","Abstraction, modularity, and reusability of code.",5.0
What is the purpose of a data structure in programming?,To organize and store data efficiently for access and modification.,To organize and store data efficiently for access and modification.,5.0
What is the role of a prototype program in problem solving?,To simulate the behavior of portions of the desired software product.,To simulate the behavior of portions of the desired software product.,4.57691562841764
What is the purpose of a data structure in programming?,To organize and store data efficiently for access and modification.,to organize and store data simulate the behaviour,1.7030292645702456
What is the purpose of a data structure in programming?,To organize and store data efficiently for access and modification.,to organize and store data test ideas for,1.786287325439311
What are the main advantages of object-oriented programming?,"Abstraction, modularity, and reusability of code.","abstraction , modularity , and",1.1685771215087
What are the main advantages of object-oriented programming?,"Abstraction, modularity, and reusability of code.",This answer talks about something unrelated like cooking or sports.,0.0
What is the purpose of a data structure in programming?,To organize and store data efficiently for access and modification.,to organize and store data efficiently,2.29968571715585
What are the main advantages of object-oriented programming?,"Abstraction, modularity, and reusability of code.",This answer talks about something unrelated like cooking or sports.,0.1588119296777613
What is the role of a prototype program in problem solving?,To simulate the behavior of portions of the desired software product.,To simulate the behavior of portions of the desired software product.,4.906345217220328
What are the main advantages of object-oriented programming?,"Abstraction, modularity, and reusability of code.",This answer talks about something unrelated like cooking or sports.,0.0
What is the purpose of a data structure in programming?,To organize and store data efficiently for access and modification.,To organize and store data efficiently for access and modification.,4.989394449820313
What is the role of a prototype program in problem solving?,To simulate the behavior of portions of the desired software product.,To simulate the behavior of portions of the desired software product.,4.294783937854906
What is the role of a prototype program in problem solving?,To simulate the behavior of portions of the desired software product.,to simulate the behavior of portions provide organized containers,1.319354847703899
What are the main advantages of object-oriented programming?,"Abstraction, modularity, and reusability of code.","abstraction , modularity , and",1.5232423559761064
What are the main advantages of object-oriented programming?,"Abstraction, modularity, and reusability of code.","Abstraction, modularity, and reusability of code.",4.880397059813653
What is the role of a prototype program in problem solving?,To simulate the behavior of portions of the desired software product.,to simulate the behavior of portions arrange information so,2.1367102725335836
What is the purpose of a data structure in programming?,To organize and store data efficiently for access and modification.,to organize and store data efficiently,2.013964704996642
What is the role of a prototype program in problem solving?,To simulate the behavior of portions of the desired software product.,This answer talks about something unrelated like cooking or sports.,0.3903072249944969
What is the role of a prototype program in problem solving?,To simulate the behavior of portions of the desired software product.,This answer talks about something unrelated like cooking or sports.,0.0
What are the main advantages of object-oriented programming?,"Abstraction, modularity, and reusability of code.","abstraction , modularity , arrange information so",1.0637501613952847
What are the main advantages of object-oriented programming?,"Abstraction, modularity, and reusability of code.","abstraction , modularity , arrange information so",0.9212373018489035
What is the purpose of a data structure in programming?,To organize and store data efficiently for access and modification.,to organize and store data efficiently,2.4073218697263097
What are the main advantages of object-oriented programming?,"Abstraction, modularity, and reusability of code.",This answer talks about something unrelated like cooking or sports.,0.0
What is the purpose of a data structure in programming?,To organize and store data efficiently for access and modification.,To organize and store data efficiently for access and modification.,4.632230306306479
What is the purpose of a data structure in programming?,To organize and store data efficiently for access and modification.,to organize and store data efficiently,2.710882852916107
What are the main advantages of object-oriented programming?,"Abstraction, modularity, and reusability of code.","abstraction , modularity , arrange information so",1.1244988924372616
What is the role of a prototype program in problem solving?,To simulate the behavior of portions of the desired software product.,To simulate the behavior of portions of the desired software product.,4.812210245626019
What is the role of a prototype program in problem solving?,To simulate the behavior of portions of the desired software product.,To simulate the behavior of portions of the desired software product.,4.234687902136881
What is the purpose of a data structure in programming?,To organize and store data efficiently for access and modification.,This answer talks about something unrelated like cooking or sports.,0.5507732130747096
What is the purpose of a data structure in programming?,To organize and store data efficiently for access and modification.,To organize and store data efficiently for access and modification.,5.0
What is the role of a prototype program in problem solving?,To simulate the behavior of portions of the desired software product.,to simulate the behavior of portions of,2.775878609229877
What is the role of a prototype program in problem solving?,To simulate the behavior of portions of the desired software product.,This answer talks about something unrelated like cooking or sports.,0.2090322663714429
What is the role of a prototype program in problem solving?,To simulate the behavior of portions of the desired software product.,To simulate the behavior of portions of the desired software product.,4.468725580440628
What are the main advantages of object-oriented programming?,"Abstraction, modularity, and reusability of code.",This answer talks about something unrelated like cooking or sports.,0.0
What is the purpose of a data structure in programming?,To organize and store data efficiently for access and modification.,To organize and store data efficiently for access and modification.,4.686698683065505
What is the role of a prototype program in problem solving?,To simulate the behavior of portions of the desired software product.,To simulate the behavior of portions of the desired software product.,5.0
What is the purpose of a data structure in programming?,To organize and store data efficiently for access and modification.,This answer talks about something unrelated like cooking or sports.,0.2740920839764106
What is the purpose of a data structure in programming?,To organize and store data efficiently for access and modification.,to organize and store data efficiently,1.524760794088925
What is the role of a prototype program in problem solving?,To simulate the behavior of portions of the desired software product.,to simulate the behavior of portions test ideas for,2.066767722932585
What are the main advantages of object-oriented programming?,"Abstraction, modularity, and reusability of code.","abstraction , modularity , test ideas for",0.4407092695596508
What are the main advantages of object-oriented programming?,"Abstraction, modularity, and reusability of code.",This answer talks about something unrelated like cooking or sports.,0.32654122313979456
What is the purpose of a data structure in programming?,To organize and store data efficiently for access and modification.,to organize and store data efficiently,1.6946945608568154
What are the main advantages of object-oriented programming?,"Abstraction, modularity, and reusability of code.","abstraction , modularity , and",1.7407446988690292
What is the purpose of a data structure in programming?,To organize and store data efficiently for access and modification.,to organize and store data efficiently,2.2115280278425358
What is the role of a prototype program in problem solving?,To simulate the behavior of portions of the desired software product.,to simulate the behavior of portions reuse and extend,1.623436799308393
What is the purpose of a data structure in programming?,To organize and store data efficiently for access and modification.,to organize and store data efficiently,1.5985633643355088
What are the main advantages of object-oriented programming?,"Abstraction, modularity, and reusability of code.","abstraction , modularity , simulate the behaviour",0.8449283285263922
What is the purpose of a data structure in programming?,To organize and store data efficiently for access and modification.,This answer talks about something unrelated like cooking or sports.,0.0
What are the main advantages of object-oriented programming?,"Abstraction, modularity, and reusability of code.","abstraction , modularity , and",0.816083545270754
What are the main advantages of object-oriented programming?,"Abstraction, modularity, and reusability of code.","Abstraction, modularity, and reusability of code.",5.0
What are the main advantages of object-oriented programming?,"Abstraction, modularity, and reusability of code.","abstraction , modularity , split complex programs",1.3066499154050748
What is the role of a prototype program in problem solving?,To simulate the behavior of portions of the desired software product.,to simulate the behavior of portions of,2.235213979142655
What are the main advantages of object-oriented programming?,"Abstraction, modularity, and reusability of code.","abstraction , modularity , and",1.7436164836725367
What are the main advantages of object-oriented programming?,"Abstraction, modularity, and reusability of code.","abstraction , modularity , simulate the behaviour",0.9580229389311352
What is the role of a prototype program in problem solving?,To simulate the behavior of portions of the desired software product.,to simulate the behavior of portions arrange information so,1.9451396235196925
What are the main advantages of object-oriented programming?,"Abstraction, modularity, and reusability of code.","Abstraction, modularity, and reusability of code.",4.788095918493185
What is the purpose of a data structure in programming?,To organize and store data efficiently for access and modification.,to organize and store data efficiently,2.1607402160418263
What is the purpose of a data structure in programming?,To organize and store data efficiently for access and modification.,This answer talks about something unrelated like cooking or sports.,0.48474283752010816
What is the role of a prototype program in problem solving?,To simulate the behavior of portions of the desired software product.,to simulate the behavior of portions reuse and extend,1.7173817874976938
What are the main advantages of object-oriented programming?,"Abstraction, modularity, and reusability of code.","abstraction , modularity , simulate the behaviour",0.7955069688514332
What is the purpose of a data structure in programming?,To organize and store data efficiently for access and modification.,This answer talks about something unrelated like cooking or sports.,0.3539531176993694
What is the purpose of a data structure in programming?,To organize and store data efficiently for access and modification.,to organize and store data simulate the behaviour,1.176232115975898
What is the role of a prototype program in problem solving?,To simulate the behavior of portions of the desired software product.,To simulate the behavior of portions of the desired software product.,4.21613195044809
What is the purpose of a data structure in programming?,To organize and store data efficiently for access and modification.,to organize and store data arrange information so,1.4686063514640295
What is the role of a prototype program in problem solving?,To simulate the behavior of portions of the desired software product.,To simulate the behavior of portions of the desired software product.,4.944694279531526
What are the main advantages of object-oriented programming?,"Abstraction, modularity, and reusability of code.","abstraction , modularity , and",1.3403423109887276
What is the purpose of a data structure in programming?,To organize and store data efficiently for access and modification.,to organize and store data efficiently,1.4706437184826378
What is the purpose of a data structure in programming?,To organize and store data efficiently for access and modification.,to organize and store data split complex programs,1.05671146993373
What are the main advantages of object-oriented programming?,"Abstraction, modularity, and reusability of code.","abstraction , modularity , and",1.5172762577610521
What is the purpose of a data structure in programming?,To organize and store data efficiently for access and modification.,This answer talks about something unrelated like cooking or sports.,0.23611529211790266
What are the main advantages of object-oriented programming?,"Abstraction, modularity, and reusability of code.","Abstraction, modularity, and reusability of code.",5.0
What are the main advantages of object-oriented programming?,"Abstraction, modularity, and reusability of code.","abstraction , modularity , and",0.5632130694752133
What is the purpose of a data structure in programming?,To organize and store data efficiently for access and modification.,to organize and store data efficiently,1.7271541089911953
What is the purpose of a data structure in programming?,To organize and store data efficiently for access and modification.,To organize and store data efficiently for access and modification.,5.0
What is the role of a prototype program in problem solving?,To simulate the behavior of portions of the desired software product.,This answer talks about something unrelated like cooking or sports.,0.669592840901955
What are the main advantages of object-oriented programming?,"Abstraction, modularity, and reusability of code.",This answer talks about something unrelated like cooking or sports.,0.5293560407278018
What is the purpose of a data structure in programming?,To organize and store data efficiently for access and modification.,to organize and store data reuse and extend,2.2923531483630004
What is the role of a prototype program in problem solving?,To simulate the behavior of portions of the desired software product.,to simulate the behavior of portions of,1.4766995336614532
What are the main advantages of object-oriented programming?,"Abstraction, modularity, and reusability of code.","abstraction , modularity , and",1.3302898735601703
What is the purpose of a data structure in programming?,To organize and store data efficiently for access and modification.,To organize and store data efficiently for access and modification.,4.862914193389292
